record_id,full_name,age,country,annual_income,credit_score,debt_amount,company_status,hours_billed,consulting_fee,registration_date
101,John Doe,34,USA,65000,710,12000,Active,40,4000,2023-01-10
102,Jane Smith,28,USA,58000,680,8500,Active,35,3500,2023-01-15
103,Robert Brown,45,USA,92000,750,18000,Active,50,5000,2023-01-20
104,Emily Davis,,USA,71000,720,11000,Active,42,4200,2023-02-01
105,Michael Wilson,52,USA,125000,,24000,Active,55,5500,2023-02-12
106,Sarah Taylor,31,USA,62000,690,,Active,38,3800,2023-02-18
107,David Clark,29,USA,59000,670,9000,Active,36,3600,2023-03-02
108,Lisa Martinez,41,USA,,740,15000,Active,45,4500,2023-03-10
109,James Anderson,38,USA,84000,730,14000,Active,46,4600,2023-03-15
110,Patricia Thomas,120,USA,67000,700,10500,Active,40,4000,2023-03-22
111,Christopher Jackson,33,USA,64000,685,9800,Active,39,3900,2023-04-05
112,Jennifer White,,Canada,76000,725,13500,Active,44,4400,2023-04-12
113,Richard Harris,47,USA,99000,,19500,Active,52,5200,2023-04-18
114,Elizabeth Martin,36,USA,73000,715,12500,Active,43,4300,2023-05-01
115,Daniel Lee,26,USA,52000,660,7000,Active,32,3200,2023-05-10
116,Margaret Hall,49,USA,105000,765,21000,Active,54,5400,2023-05-18
117,Charles Young,39,USA,82000,735,14500,Active,45,4500,2023-05-25
118,Susan King,43,USA,88000,745,16000,Active,48,4800,2023-06-02
119,Joseph Wright,30,USA,61000,695,9500,Active,37,3700,2023-06-11
120,Extreme Outlier,35,USA,4500000,720,12000,Active,40,4000,2023-06-20
101,John Doe,34,USA,65000,710,12000,Active,40,4000,2023-01-10
102,Jane Smith,28,USA,58000,680,8500,Active,35,3500,2023-01-15
121,Thomas Scott,37,USA,79000,725,13000,Active,44,4400,2023-07-01
122,Jessica Green,32,USA,63000,690,10000,Active,38,3800,2023-07-10
123,William Adams,55,USA,135000,780,26000,Active,58,5800,2023-07-18
