employee_id,department,tenure_years,salary,performance_score,projects_completed,satisfaction_level,last_promotion_date
1001,Engineering,3.5,85000,4.2,6,0.85,2023-01-15
1002,Marketing,2.0,62000,3.8,4,0.78,2022-06-20
1003,Engineering,5.0,98000,4.6,8,0.92,2021-11-10
1004,Sales,1.5,58000,3.5,3,0.65,2023-03-01
1005,Human Resources,4.0,71000,4.0,5,0.80,2022-09-15
1006,Engineering,6.2,112000,4.8,10,0.88,2020-04-12
1007,Finance,3.0,76000,3.9,5,0.72,2022-12-05
1008,Marketing,4.5,74000,4.1,6,0.84,2021-08-18
1009,Sales,2.8,64000,3.7,4,0.70,2023-05-14
1010,Engineering,1.8,78000,3.9,4,0.79,2023-02-28
1011,Finance,5.5,92000,4.5,7,0.86,2021-05-19
1012,Human Resources,2.2,60000,3.6,3,0.75,2022-10-30
1013,Sales,6.0,88000,4.4,9,0.90,2020-09-22
1014,Engineering,4.0,89000,4.3,7,0.83,2022-07-11
1015,Marketing,1.2,55000,3.4,2,0.68,2023-08-05
1016,Finance,4.8,84000,4.2,6,0.81,2021-12-14
1017,Sales,3.2,67000,3.8,5,0.74,2022-04-16
1018,Engineering,7.0,120000,4.9,11,0.94,2019-10-01
1019,Human Resources,3.8,69000,4.0,5,0.77,2022-08-25
1020,Finance,2.5,70000,3.8,4,0.73,2023-04-09
1021,Marketing,5.2,80000,4.3,7,0.87,2021-03-30
1022,Engineering,2.5,82000,4.0,5,0.82,2023-06-18
1023,Sales,4.1,72000,4.0,6,0.76,2022-01-20
1024,Finance,6.5,101000,4.7,8,0.89,2020-11-04
1025,Engineering,3.0,84000,4.1,6,0.80,2022-11-28
